Date,Day,Start Time,End Time,Hours,Task,Comments
2026-01-11,Sunday,12:30 PM,3:45 PM,3.25,Login Page Improvements,"UI/UX design improvements: gradient backgrounds, animations, modern card design, logo integration"
2026-01-11,Sunday,8:15 PM,11:00 PM,2.75,Login Page Improvements,"Google OAuth integration, error handling, Remember Me feature with localStorage"
2026-01-12,Monday,8:36 AM,12:00 PM,3.25,Week 1 Budgeting,"BudgetForm component structure improvements, pre-tax and after-tax expense categories organization"
2026-01-12,Monday,2:24 PM,5:00 PM,2.75,Week 1 Budgeting,"State and federal tax calculation integration, form validation and user feedback"
2026-01-13,Tuesday,10:45 AM,1:30 PM,2.75,Week 1 Budgeting,"Editable field indicators (yellow fields), calculation details display, responsive design improvements"
2026-01-13,Tuesday,3:15 PM,6:30 PM,3.25,Week 1 Budgeting,"BudgetContext integration, testing and debugging, bug fixes"
2026-01-14,Wednesday,10:30 AM,12:45 PM,2.25,Week 1 Budgeting,"Form data model improvements, validation logic refinement"
2026-01-14,Wednesday,2:15 PM,4:30 PM,2.25,Week 1 Budgeting,"UI/UX styling improvements, user experience enhancements"
2026-01-14,Wednesday,8:30 PM,10:00 PM,1.5,Excel Workshop,"Excel file upload/download functionality improvements, file parsing optimization"
2026-01-15,Thursday,2:00 PM,5:00 PM,3,Excel Workshop,"Storage integration (Supabase) adjustments, cell style preservation improvements, bug fixes"
2026-01-16,Friday,9:15 AM,11:45 AM,2.5,Week 1 Budgeting,"Final testing, edge case handling, code review and refactoring"
2026-01-16,Friday,1:30 PM,3:30 PM,2,Week 1 Budgeting,"Documentation updates, performance optimization"
2026-01-16,Friday,9:15 PM,11:45 PM,2.5,Login Page Improvements,"Password reset flow, email validation (Rice University, Gmail, Yahoo support), final polish"
2026-01-17,Saturday,10:00 AM,12:45 PM,2.75,Week 1 Budgeting,"Final bug fixes and testing, responsive design verification"
2026-01-17,Saturday,2:15 PM,3:00 PM,0.75,Week 1 Auto-Save,"Week 1 auto-save implementation: localStorage integration with debounce, data persistence for BudgetForm component"
2026-01-17,Saturday,3:00 PM,5:30 PM,2.5,Login Page Improvements,"Password show/hide feature, error messages and user feedback, responsive design improvements"
2026-01-18,Sunday,10:15 AM,12:30 PM,2.25,Week 2 Savings,"SavingsForm component architecture and state management improvements"
2026-01-18,Sunday,2:45 PM,4:30 PM,1.75,Week 2 Savings,"Animated number display (count-up animations), success checkmark animations"
2026-01-18,Sunday,7:00 PM,9:30 PM,2.5,Week 2 Savings,"Loading skeleton components, complex calculation logic (compound interest, savings goals)"
2026-01-19,Monday,7:30 AM,10:30 AM,3,Week 2 Savings,"Multiple savings categories and sections, form state management"
2026-01-19,Monday,4:45 PM,6:45 PM,2,Auto-Save Improvement,"Implemented auto-save functionality for Week 1, Week 2, Week 3, and Week 4 using localStorage with debounce (500ms delay)"
2026-01-20,Tuesday,7:15 AM,9:30 AM,2.25,Week 2 Savings,"Form validation and error handling improvements"
2026-01-20,Tuesday,1:30 PM,5:15 PM,3.75,Week 2 Savings,"Responsive design and mobile optimization, user feedback and success indicators"
2026-01-20,Tuesday,6:30 PM,7:30 PM,1,Auto-Save Improvement,"Auto-load data on component mount, testing auto-save functionality across all weeks"
2026-01-21,Wednesday,5:15 PM,8:45 PM,3.5,Week 2 Savings,"Testing, debugging and optimization, performance improvements"
2026-01-21,Wednesday,8:45 PM,9:30 PM,0.75,Week 2 Auto-Save,"Week 2 auto-save implementation: localStorage integration for SavingsForm component, debounce handling, data persistence"
2026-01-21,Wednesday,9:30 PM,12:00 AM,2.5,Auto Delete All Improvement,"Implemented delete all functionality for Excel Workshop, improved file deletion from storage and database"
2026-01-22,Thursday,3:00 PM,5:00 PM,2,Week 3 Credit Card,"Week 3 component improvements: debt calculations, interest rate handling, payment calculations"
2026-01-23,Friday,10:00 AM,1:30 PM,3.5,Week 3 Credit Card,"Chart.js integration for credit card debt visualization, general loans section improvements"
2026-01-23,Friday,5:45 PM,7:45 PM,2,Week 3 Credit Card,"Auto-save integration for Week 3, format number for input display improvements"
2026-01-23,Friday,9:30 PM,11:30 PM,2,Week 3 Credit Card,"Testing and bug fixes, user experience improvements"
2026-01-24,Saturday,10:30 AM,1:30 PM,3,Week 3 Credit Card,"Final Week 3 improvements, calculation accuracy verification"
2026-01-24,Saturday,1:30 PM,2:00 PM,0.5,Week 3 Auto-Save,"Week 3 auto-save implementation: localStorage integration for CreditCard component, data persistence, debounce handling"
2026-01-24,Saturday,2:00 PM,4:45 PM,2.75,Auto Delete All Improvement,"Excel Workshop delete all functionality testing, storage cleanup improvements, edge case handling"
2026-01-25,Sunday,10:30 AM,12:30 PM,2,Finishing Week 3,"Final Week 3 credit card component polish, calculation verification, edge case handling"
2026-01-25,Sunday,2:45 PM,5:45 PM,3,Week 4 Frontend,"Week 4 Income Taxes component frontend development: UI structure and layout design"
2026-01-26,Monday,8:15 AM,10:45 AM,2.5,Week 4 Frontend,"Week 4 component styling improvements, enhanced header design, info box implementation"
2026-01-26,Monday,12:45 PM,3:30 PM,2.75,Week 4 Frontend,"Tax calculations display, section container styling, responsive design improvements, layout refinement"
2026-01-27,Tuesday,8:45 AM,9:45 AM,1,Week 4 Frontend,"Week 4 auto-save integration, data persistence implementation"
2026-01-27,Tuesday,9:45 AM,10:30 AM,0.75,Week 4 Frontend,"Week 4 component testing, bug fixes"
2026-01-27,Tuesday,10:30 AM,11:30 AM,1,Week 4 Frontend,"Week 4 responsive design verification, final polish"
2026-01-27,Tuesday,2:45 PM,3:30 PM,0.75,Formulation Verification,"Confirming formulations for 2026 is accurate, tax calculation verification"
2026-01-27,Tuesday,3:30 PM,5:15 PM,1.75,Retirement Planning,"Retirement Planning component initial setup, architecture planning, data structure design"
2026-01-28,Wednesday,8:45 AM,9:30 AM,0.75,Week 4 Frontend,"Week 4 component styling refinements, visual polish"
2026-01-28,Wednesday,9:30 AM,10:00 AM,0.5,Week 4 Frontend,"Week 4 user experience enhancements"
2026-01-28,Wednesday,10:00 AM,11:30 AM,1.5,Week 4 Frontend,"Week 4 cross-browser testing, final adjustments"
2026-01-28,Wednesday,11:30 AM,12:00 PM,0.5,Week 4 Auto-Save,"Week 4 auto-save implementation: localStorage integration for Week 4 Income Taxes component, data persistence, debounce handling"
2026-01-28,Wednesday,3:10 PM,4:00 PM,0.833,Retirement Planning,"Retirement Planning component structure, state management setup"
2026-01-28,Wednesday,4:00 PM,6:45 PM,2.75,Retirement Planning,"Retirement Planning context integration, calculations implementation"
2026-01-28,Wednesday,3:10 PM,6:45 PM,3.583,Retirement Planning,"Retirement calculations implementation, compound interest logic, retirement goal calculations"
2026-01-29,Thursday,8:15 AM,10:45 AM,2.5,Retirement Planning,"Retirement Planning UI components, form inputs, calculation displays"
2026-01-29,Thursday,2:30 PM,5:00 PM,2.5,Retirement Planning,"Chart.js integration for retirement visualization, Line chart implementation"
2026-01-30,Friday,,,0,No Work,No work recorded
2026-01-31,Saturday,9:35 AM,12:45 PM,3.167,Retirement Planning,"Retirement Planning component styling, modern gradient backgrounds, section containers"
2026-01-31,Saturday,3:45 PM,7:45 PM,4,Retirement Planning,"Enhanced header design, info boxes, responsive layout improvements, testing"
2026-02-01,Sunday,7:45 AM,10:45 AM,3,Retirement Planning,"Retirement Planning calculations refinement, formula accuracy verification"
2026-02-01,Sunday,3:55 PM,6:45 PM,2.833,Retirement Planning,"Multiple retirement scenarios implementation, user input validation"
2026-02-02,Monday,8:45 AM,11:15 AM,2.5,Retirement Planning,"Retirement Planning UI/UX improvements, interactive elements, user feedback"
2026-02-02,Monday,5:30 PM,8:50 PM,3.333,Retirement Planning,"Auto-save functionality for Retirement Planning, data persistence, localStorage integration"
2026-02-03,Tuesday,11:15 AM,2:30 PM,3.25,Retirement Planning,"Retirement Planning component testing, debugging, calculation edge cases"
2026-02-03,Tuesday,4:15 PM,6:40 PM,2.417,Retirement Planning,"Performance optimization, code refactoring, component structure improvements"
2026-02-04,Wednesday,9:15 AM,10:15 AM,1,Traditional IRA Tables,"Traditional IRA Balance table frontend professionalization: table structure, header styling, cell formatting"
2026-02-04,Wednesday,10:15 AM,11:15 AM,1,Traditional IRA Tables,"Traditional IRA Withdrawals table frontend professionalization: table design, responsive layout improvements"
2026-02-04,Wednesday,11:15 AM,11:55 AM,0.667,Traditional IRA Tables,"Traditional IRA tables mobile optimization, cross-browser testing, final polish"
2026-02-04,Wednesday,3:00 PM,4:30 PM,1.5,Roth IRA Tables,"Roth IRA Balance table frontend professionalization: table structure, header styling, cell formatting"
2026-02-04,Wednesday,4:30 PM,5:30 PM,1,Roth IRA Tables,"Roth IRA Withdrawals table frontend professionalization: table design, responsive layout"
2026-02-04,Wednesday,5:30 PM,6:55 PM,1.417,Roth IRA Tables,"Roth IRA tables final polish, documentation, code review"
2026-02-05,Thursday,,,0,No Work,No work recorded
2026-02-06,Friday,10:00 AM,1:30 PM,3.5,Retirement Planning Tables,"All retirement planning tables final testing: bug fixes, user experience improvements, calculation verification"
2026-02-06,Friday,3:15 PM,5:30 PM,2.25,Retirement Planning Component,"Retirement Planning component completion: final code cleanup, integration testing, component structure finalization"
2026-02-07,Saturday,2:15 PM,4:40 PM,2.417,Retirement Planning Documentation,"Retirement Planning documentation updates: table specifications, calculation formulas, final verification"
2026-02-07,Saturday,4:40 PM,5:15 PM,0.583,Retirement Planning Auto-Save,"Retirement Planning auto-save implementation: localStorage integration for Retirement Planning component, complex data persistence, debounce handling"
2026-02-07,Saturday,6:15 PM,9:30 PM,3.25,Retirement Planning Frontend Review,"Retirement Planning project completion: final review and testing, overall frontend professionalization verification"
2026-02-08,Sunday,10:30 AM,1:45 PM,3.25,Traditional 401(k) Tables,"Traditional 401(k) Balance and Withdrawals tables frontend professionalization: table structure, header styling, scenario cards, summary table"
2026-02-08,Sunday,5:15 PM,8:25 PM,3.167,Roth 401(k) Tables,"Roth 401(k) Balance and Withdrawals tables frontend professionalization: table structure, header styling, scenario cards, summary table"
2026-02-09,Monday,9:10 AM,11:45 AM,2.583,Traditional 401(k) Tables,"Traditional 401(k) tables verification, default value adjustments (contribution start age, retirement age, annual rate, employer match)"
2026-02-09,Monday,1:05 PM,4:45 PM,3.667,Roth 401(k) Tables,"Roth 401(k) tables verification, default value adjustments, scenario monthly payment displays, percentage of income"
2026-02-10,Tuesday,,,0,No Work,No work recorded
2026-02-11,Wednesday,3:30 PM,6:55 PM,3.417,Verification,"Retirement Planning formulas verification: calculation accuracy, 2026 limits (401k $23,500, IRA $7,000), RMD rules"
2026-02-11,Wednesday,9:15 PM,11:45 PM,2.5,Default Adjustments,"Default adjustments: contribution start age 22, retirement age 65, annual rate 7%, employer match 3%, withdrawal rate 4%, starting distribution age 60"
2026-02-12,Thursday,6:11 AM,9:45 AM,3.567,Retirement Planning Auto-Save,"Auto-save for Traditional 401(k) and Roth 401(k) sections: localStorage persistence, debounce handling, load on mount"
2026-02-12,Thursday,10:00 AM,11:00 AM,1,Bug Fixes and Testing,"Retirement Planning bug fixes, edge case testing, documentation updates"
2026-02-13,Friday,,,0,No Work,No work recorded
2026-02-14,Saturday,7:15 AM,10:45 AM,3.5,Traditional 401(k) and Roth 401(k) Tables,"Traditional and Roth 401(k) tables final polish, responsive design, cross-browser testing, chart alignment"
2026-02-14,Saturday,1:05 PM,5:30 PM,4.417,Retirement Planning Tables,"Retirement Planning tables integration testing, user experience improvements, consistency check across all account types"
2026-02-15,Sunday,7:05 AM,9:55 AM,2.833,Retirement Planning Table Fix,"Budgeted Amount Spent column: made display-only (removed yellow/edit styling); user does not edit these values on this page"
2026-02-15,Sunday,11:00 AM,1:45 PM,2.75,Percentage and Signed Input Fix,"Fixed cursor position after input for all % and signed input cells (Week 5 and universal); cursor no longer jumps after % sign when finishing input"
2026-02-16,Monday,,,0,No Work,No work recorded
2026-02-17,Tuesday,,,0,No Work,No work recorded
2026-02-18,Wednesday,9:10 AM,12:30 PM,3.333,Markets and Investments Excel Calculation Start,"Markets and investments excel calculation start - porting excel calculation to JavaScript (waiting for finalize version from Kenneth)"
2026-02-18,Wednesday,2:05 PM,4:55 PM,2.833,Layout Improvement,"Layout improvement for Markets & Investing page (new page): styling, structure, module navigation"
2026-02-19,Thursday,8:05 AM,10:45 AM,2.667,Markets and Investments Excel Calculation,"Markets and investments excel calculation - JavaScript structure and data model (waiting for finalize version from Kenneth)"
2026-02-19,Thursday,1:10 PM,4:45 PM,3.583,Layout Improvement,"Layout improvement for Markets & Investing page: new page styling, prettier module layout, navigation icons"
2026-02-20,Friday,7:05 AM,10:45 AM,3.667,Markets and Investments Excel Calculation,"Markets and investments excel calculation - frontend scaffolding, placeholder content (waiting for finalize version from Kenneth)"
2026-02-20,Friday,12:10 PM,3:30 PM,3.333,Layout Improvement,"Layout improvement for Markets & Investing page: layout refinement, replace file-with-x visual with prettier module icons"
2026-02-21,Saturday,7:10 AM,10:10 AM,3,Markets and Investments Excel Calculation,"Markets and investments excel calculation - integration, placeholder logic (waiting for finalize version from Kenneth)"
2026-02-21,Saturday,12:30 PM,3:45 PM,3.25,Layout Improvement,"Layout improvement for Markets & Investing page: final polish, navigation sidebar visual update"